Estradiol,Progesterone,II,V,VII,VIII,IX,X,XI,XII,AT,PC,TFPI Total,TFPI Free,vWF,C1estInh,Fbgn,Plgn,PAI1,PAI2,α2-AP,TAFI,FXIII,γ',γ':γA,γ':γA Fold,TAFIa/ai,F-mono,tPA PAI1,CD138,TM,NE-α1PI,TNFα,sIL-6R,TNFα R1,TNFα R2
9075.67591284763,62.22177209102685,112.51105265409123,72.38591071438687,175.0120399440206,120.4432806931943,149.83669428748811,117.2569147882345,112.92039009516057,205.1406218235181,91.11363898822601,126.00668935077529,52.34419246083097,7.798581422910974,17.5993559443389,151.06513097744175,389.40773555953274,276.3945787789252,4.842629214099421,245.72414905244133,59.49825186066286,156.28017367634973,54.76793427440185,34.891036589238,0.0787069292721909,0.9918924272567572,35.83173405961526,5.360816212424702,0.6202975995585118,309.03221066056597,3157.358577328646,24.119772467688918,0.8852222967025923,25.817181405618673,504.2392854039868,2.0626708702311354
12859.603077502245,-8.016400978396504,141.23491591679598,83.9394309748683,197.8055620577249,253.09992301963837,181.2419535334711,106.24850423193038,208.58434062701707,400.0333489311542,72.68293429442046,146.15287612983565,21.62076678587096,8.543996819647658,60.04311844920281,112.6194522277782,567.533566074993,373.31814904671114,1.8151717586912357,-72.36292888053646,3.198582150405599,186.64485216518653,106.95051465680211,63.432154689584515,0.08120147374460229,1.2720156221448269,3.062141195896036,-73.45251952307271,0.6689048378691034,234.09823723334569,2683.9118133030884,54.618142822850196,1.4894255061151407,37.62901923283918,-205.29416469640353,1.9935471400257518
11148.824497127487,112.47226484401203,116.51980469835406,93.61337687475321,174.09534244380438,230.40473709017033,108.43304429126012,110.27668115902297,27.281621242505636,155.04221521984567,96.85025503523616,122.13958452752219,47.14158813035062,8.268862587195184,40.94853375314388,148.9101176168641,438.55810769524686,235.7824554867297,4.151919779614654,236.77316652559477,-13.156599041893315,163.31339552832205,51.49253087913846,70.78128162578663,0.17169111319769986,0.8683957688583378,37.33517322263529,25.40041178031495,0.6780363524983334,581.8683567492614,3621.5216278266585,43.31208503504381,0.47223846704020866,44.2706818655476,678.7352332322296,3.428086856792828
5618.216706141754,70.841849721602,101.15663517839963,80.23631195807656,131.5708089546062,176.97830777481096,118.18272828333107,131.1251845723664,104.1899252980242,206.55502172663319,99.09743208704386,81.6984730802029,34.940489156942704,11.59126571620837,17.064980576092076,159.84685771342583,245.07239152801833,213.12340214048461,4.067732868064465,181.92979091065692,69.17321340767639,160.55458192070407,57.26784929120505,32.02600598135055,0.13804960803964128,1.3107981352315083,37.022826791491816,31.688494636280726,0.648680671119606,153.4379558633128,3525.2897229450355,13.944121043759957,0.5700567841939651,12.822665811229047,556.5270473939615,2.2381429956318963
1996.6325940040329,55.7653904269374,121.3030321423238,89.22389957234533,125.32276210752828,115.784466923092,111.93927072284087,107.56404471264966,82.20890435050798,155.71759652104203,91.55366880462593,133.94486612383818,33.14666073418348,8.954089423389119,7.202843019352136,213.72995507094598,523.6256817788628,240.7483674087408,-0.2837286378822812,341.31115376262386,30.653648989057753,120.04608082122495,71.96141694978532,80.61930814228373,0.15548668723891,1.1187624026679341,13.138215683030792,19.340830252889003,0.08708059644690141,458.18401549699786,1782.666151521102,29.73341236418168,0.8302150837710267,40.93912977149962,472.6416271794567,2.1209171894287535
3120.631345030516,51.074371845972806,107.4698935242803,50.71309965686598,139.59992945685954,40.9618500296188,136.4068210610908,94.15443174825621,68.26671122366483,34.45651621455781,73.24948316011879,139.65687968303683,56.02998491724637,11.361590649079742,24.812287641715294,188.2552942847466,347.179235877508,247.41983490126063,5.139943143412472,-113.08265373396785,54.97658677319749,120.3197781795059,80.28213451685572,51.70706569985719,0.14761386030862517,0.8767348575001126,19.646583150145545,15.444543479940071,0.437526289453466,-1.3198044033667031,2269.9450018614193,18.43775682351469,0.831857821669499,25.899548141496467,499.61486047541854,1.9176185454112662
1192.3551049255116,51.84276645194728,88.30744340845177,93.60491238823771,82.68576535371699,121.13656157607159,110.65064927254389,87.62725664075472,93.48001730985379,116.55321190961183,88.90742422124455,89.95202366235775,29.84188970835777,10.37617246776348,12.50917935795803,172.42278827741944,321.9525001670561,159.93433741002303,1.4266649367544386,178.70651076431056,45.128186151100934,119.79208998451497,80.66727013609807,58.11237113337191,0.1853844886128463,1.1803869480339633,16.113209959527723,16.260167022298983,0.5150033242160315,363.2244095645957,2133.845960659269,41.71530810189408,0.36902329712328136,29.97287517572667,548.2200441832356,2.022681287711785
10704.435854658554,77.60609463506172,118.87136086108832,77.99526400325466,134.77776417708094,217.71695813910281,138.5543735955072,103.89454155692202,117.03463294713703,205.6216531121983,85.29695358758859,133.22084439672057,61.90306971454144,10.037236303612877,37.77949497667737,156.42119721682505,394.1583555093333,293.55157259298477,3.9938919746643213,224.48276436647893,37.7047861602221,114.00722164098927,65.98150749420964,65.64834252373052,0.17287286379002464,1.0524282190788024,22.45015967905316,10.6716854070892,0.6971770431648058,174.7113334600505,2617.946879993264,53.87921991172114,0.6765285357114788,43.46720234135628,280.26691396577013,1.7036153599441255
4615.2864635742,114.29920154417107,133.18887561724202,93.74298798801927,179.8699856756213,140.3639925366287,156.77302135634883,105.96766089582627,143.99316254782335,174.5309296738538,79.78120111961431,91.88459771336966,58.245758887102525,8.523072101569738,20.452215275503157,214.43766802073233,430.2877701258982,230.40941071483172,6.247255433165844,44.11435425827932,53.39699437707423,159.87042019527627,74.15287632349565,87.24620131598451,0.21602825376036147,0.8199176514363459,38.3686587904339,6.239770808022057,0.17693953060584078,182.13141210549503,4569.866986756491,8.784320940004907,1.0657655087233244,43.82089422404728,735.1961565340451,3.0564233422637237
2866.7143180440667,14.9238925897221,99.78074503844925,103.93590311042915,129.27799103063865,145.51528555721117,103.42362533550525,114.87101654678582,74.27615514855518,80.69088435734992,97.04012736012345,129.90559279562513,44.08310475868588,14.311565864260569,7.013390539899746,135.57263048807488,325.0996092106505,226.3122820959712,0.9411678284816054,104.8662104042254,35.69868614004315,156.30488218906146,93.87773400021304,56.800429194034095,0.16798744359035725,1.1719142245218797,16.399080994626758,-0.5124248460149126,0.5266792924671908,230.1041604664724,3432.004167378723,49.91903700671451,1.286668423831965,34.19893947121355,538.1015902736003,2.6283365240658765
1363.9533940513516,37.09672356479918,101.02970799915262,105.93481152059326,73.73367671907366,65.91503403935951,82.16459443585359,104.65903979963042,86.85223243993487,196.28201055301219,97.27474953928414,127.51030941290391,70.71296691222591,15.852556989804944,6.418808012140554,203.94016143570653,333.6528629782219,194.70329848722616,2.077402773359145,65.01201055417492,89.63006823451227,104.97883549732029,66.21624513964484,47.64738222581279,0.1334733136509157,1.0963210958150214,1.587220049513597,0.7751889368461526,0.6504083415402795,-329.7154547859395,1561.9920806824268,18.896069153687613,1.1233553875439206,25.777161970101044,232.590054247416,0.6167111969171388
4447.304749674115,51.74054423502714,122.49284964507373,61.556429319007705,125.64636106256096,105.46015907342218,108.59124854861874,119.44016572217387,105.43510053774818,228.6520258238404,82.15070695281044,112.7160923902506,26.009744995938803,8.347963911602276,14.818164306852495,169.5686738200545,402.3025389192141,220.44181301176,3.240027419418672,359.53674085803766,42.31134781552069,105.80477587628765,108.71819715833091,44.12982190091584,0.10783988177596134,0.8652108978038087,23.20035623345271,8.736694933057786,0.4415904152959427,278.5190524913033,2961.397961602946,27.211224999369968,0.36610739890372485,32.624930271619405,432.69604168988724,1.7548176000272837
4484.524270196602,54.12717545627945,106.82463356414927,86.20234284697071,159.12674245139488,98.82199383619655,121.22386231018984,104.80800819423622,112.76730723690284,152.03031935165754,85.78818124721717,147.82097969526535,65.88962624926714,13.376584003276724,6.685079940636674,181.4394767576815,336.5554454670993,196.24819202327828,3.858176456709675,9.41915980991945,58.22462995427126,129.78659679446466,81.93406086350225,49.982698225152006,0.1458543533177731,1.0455678930846413,22.55168987243127,11.450121262954646,0.4814126681090264,-69.08549809937344,3093.5128919438607,60.59536833936496,0.7056355952038748,31.64563161051463,475.48920517710917,2.1591078572419837
6817.399987699215,100.78850211244468,100.08647545895843,94.86778956986693,101.18766453197584,179.83001169042626,98.87942244871334,104.02342879172208,73.00246413524853,148.8610460200076,95.82580980745196,96.60660650347005,66.69969758588059,8.608445191024034,21.20275110741175,146.61209985256647,353.88973704700726,207.42927521164552,2.874390298546043,445.5195236825702,39.630646187214445,90.08796030061649,74.22291566786072,59.346147869928046,0.17272282550121815,0.8203135306630508,26.90397297064359,4.877333144289913,0.6614740060360011,363.850004703846,3718.8357232055705,41.20659191679328,0.3966773704605388,40.07998720476887,650.3780998049627,2.0812159228202822
1243.4331951643344,16.537182138182366,102.42584034212885,102.83307993701037,97.7416224846948,180.78655735318938,136.60909010661356,110.9633114069917,84.11786136019583,114.66027316319972,93.74589696182763,94.5908467282587,58.2475674559804,10.60232068446629,33.02058901397541,169.50006120815206,272.83518209007104,256.71041191509966,0.8854274895274628,-469.40077500604826,46.08997974049865,112.05705505623422,71.62702145641067,58.219472310613156,0.19740592272836976,1.1308605260324247,4.999501740858932,14.263362287552635,0.7166540218068577,-191.28274510842638,3149.5036757985135,14.346953380653535,0.8269203774686875,26.37950400458785,551.1789410840606,2.2216468697156446
4969.463147585354,84.92355183403855,104.10378394254701,89.44238287440643,135.44713683119355,122.8886438007693,78.88127745257793,128.86959020047706,60.31164658333411,165.9984205818701,67.05659907399438,71.64873291960848,24.305780427190342,4.574446467602032,12.603424282500388,115.32795438597384,348.6283031821488,220.83198065821324,2.3796836266088532,433.96537190097877,47.31236975378472,85.13526817067572,95.98496903500441,55.14398256048552,0.15304247977572483,1.078871785207212,24.682857221775517,5.150578106010783,0.4989433831205836,-91.821945732371,3711.847934576611,42.12872360041433,0.420067458479289,14.22823912138303,442.304667079458,1.4143064405383883
4834.104593630472,27.92217752313336,95.66756935641686,69.28169981374944,137.9110168952903,184.70334692032125,147.2732114149169,94.26117700594696,134.5346686138971,181.5476878654964,94.27345291094767,110.32853210753856,22.70516071327698,11.999276481972947,24.84375569900532,104.81252446077274,280.0955332734326,191.18527554161358,2.490003091740164,94.46490043592642,50.11958965925669,139.6204930805706,67.27331362092629,49.948634291534695,0.18033117314753153,1.1299070517653476,15.321518055210218,-0.3379185318603053,0.48672239413607754,493.0471017030744,2477.207745090554,30.327105477491813,1.1314164490680945,23.83614520261864,355.0531834132115,2.522748940113734
7497.658986829592,84.93081967177228,113.72606679322996,98.33315128178138,160.2571744472261,107.96742764318154,100.12823671500516,125.61714698061024,82.98389336623744,219.4443734255758,102.03691048874629,122.66101723791662,34.01651021891917,14.392170270606925,11.664346270030308,146.66313899485357,314.06335236571186,186.68991361435232,4.9194481392191545,671.4856192284071,73.97100150416803,100.02698687314656,82.57636622777493,31.274002755107812,0.11002320635436055,0.8920254233941141,31.96165633567923,8.580997189636394,0.6230367502678184,546.7954695809867,3075.7271311185095,16.7371041321068,0.36775697082580805,31.332744892514015,412.55233265288354,1.699697121741517
1475.1182947596103,25.76603548283828,101.00314227927575,71.48518125940709,121.0407337781331,136.7137578600553,115.99086073590979,117.50890238090419,114.92441088920708,132.54957650763203,91.30538927620103,110.22898551078637,41.290472508061384,8.550981445254228,5.72887309816022,175.14473445033732,333.8193983550783,228.51537305652212,2.096665074208517,135.200685227001,22.566178731565387,136.8372129122088,66.15210002629311,52.57703630139408,0.15554137470237556,1.1601247272354933,22.826981093105644,11.036534450895127,0.7417263873182021,12.082476436415988,3131.3372964462856,30.66209458823873,0.7034946235444667,23.313134078156665,551.1180616478746,1.6821126410144271
3295.7962145523416,63.331299684975406,85.5040155160988,92.07603214823847,86.70129014740814,160.94773726093229,81.52389470536596,97.77460737803318,65.61053401022949,134.8779181541486,89.33754297205462,109.90936592388324,45.99636610960899,13.149262223417747,22.6981763189328,191.87009106053048,327.41666287520417,186.0390509368412,2.5333080932630576,245.0870699806415,57.337127332327405,95.01293464906638,52.219089415482976,53.89848276470474,0.159557581962256,1.217382424934501,15.348587489337387,4.669826806440463,0.6606690592949356,-26.325619921117948,2903.766007317463,38.93961913593305,1.00876640260716,31.657144197645874,512.6204130098818,2.0856868494493987
3454.52483133185,49.62598844874838,75.61977635642663,124.62725342493555,83.56783604950805,152.98644345673722,72.534086528511,91.82876831872339,56.11741568597558,77.9042651162063,86.90197424035553,108.35243147901039,36.53400518994343,14.341415368155243,25.5776351108713,190.1106881048255,292.22663662261084,194.79633346177044,1.489221465731407,231.56593173184095,67.33873931186513,107.61170403656283,63.37818942845031,49.7474211297568,0.16187887767369896,1.4419726680254807,17.166200032321843,-10.530597225686979,0.6941436102309531,-114.31227609997225,3362.7083340025456,57.31759017178251,0.5609380909627849,35.052705154301385,463.60866974191373,2.0119537729214167
6988.062330029241,63.360731646074214,116.03385698568167,112.64501286532041,147.03648340450164,57.01346844433537,92.35064257048843,124.56018753370068,19.822740180224898,104.20927067188,84.66301094643283,119.6416204437392,60.29513945615992,11.157152229446423,6.521011644279124,144.29902503070068,342.79939049658077,268.5464845512389,3.395497382381113,302.8515420638899,51.15129261020804,110.53534413668284,95.2597817267125,52.0411977827918,0.14234213876681612,1.055096144797918,25.64800288649009,6.586938161327164,0.6136801248625976,250.1744303911526,3591.671630235386,24.81824992049473,0.970586927622002,44.00891729319179,539.0100979237882,2.000725079355016
7514.08733924938,37.918383212627965,109.1165656053799,85.0323077054353,145.59565352237175,151.90831967529226,128.18951589153667,107.19945402210598,131.19901010398107,257.76851528658403,88.65716406631498,129.0326209577087,44.21365526096761,11.79022765350002,19.624807545584932,182.97839353873422,341.56062160458293,257.59645534571695,1.5821837077655456,150.58536319318108,60.08470574816095,130.51280774048422,64.2544785228085,35.496373893270395,0.10295058292664855,1.495339564991794,24.180220503918335,4.911925538096099,0.35788092291631013,225.96432765887388,2970.853428330816,39.7831519048186,0.5531479770188201,34.40973104813627,282.28798449867,2.1615397394199496
3049.124184010022,26.158906324597005,88.10585456313075,113.1587771667244,125.47801449524819,60.143828231404,127.5042832076518,79.33523101895247,109.89019109637957,132.80430156902582,89.04388728661338,111.00864795120059,57.75465011598661,10.535592700562681,3.272828659971049,153.61374156320676,286.1310160151269,178.0376453707543,2.2405347862153695,-12.348761024304139,49.32389742510098,135.68423100347655,70.20218247930177,38.70273942093799,0.1386668627004208,1.0523057980958608,18.943562167228286,2.3801028408056712,0.5914003845468154,252.2517040895329,2431.5147292093216,41.34470643977486,0.5641914216224279,32.271935243478666,494.76780362566,1.7874628938047947
5157.820151651743,37.035333547490524,98.40389555533456,74.50871800309237,82.8715820751659,169.76231305750508,127.22246221136936,87.33962578242716,113.78500565257411,163.1719042740964,89.53941781920237,93.74224342005846,45.284370856521996,8.509577212602084,33.07687436603115,187.65782557421426,335.0501481806455,249.3069415757651,2.8510835243224655,97.11535798522709,39.121693277603484,136.3804479006395,65.13567685440871,40.14808766093729,0.12569397981664143,1.0262875654294497,27.891091695659135,-1.1462050188837694,0.5704969908789114,304.1950022144107,3635.1567568611517,18.387056477406432,0.6245231923234772,43.37494111814626,601.7244592980472,2.4311583743961696
3748.1013834296646,69.26208109742147,92.80476754521095,67.7986638633216,112.17672949034971,80.25675275124132,135.12034666590168,84.3346091386242,74.95852199937376,73.23433744907445,76.78830777159317,127.81518438827338,60.13998704462673,8.597485571454019,23.439898536443103,221.21766262287844,351.6960147022018,215.53160322426388,3.9751687640433104,-66.15177431955183,56.81069913942655,87.78527523321353,58.42659486937003,55.89177346684847,0.15966768773459689,1.1538069015285304,20.454119344792552,20.23197790913513,0.6599908837082331,6.447923242545301,2406.407021809406,46.35798013858429,0.23404087963576714,36.56702963476593,636.4758395996481,2.1131032192974715
4855.942755613399,88.92497433230372,106.62760355713928,92.41912704553123,111.99391390610131,113.45211793198585,97.08161898721751,103.93574932028996,47.53679172203883,208.4088232062902,73.31598396191676,86.97350576603264,38.01890272453537,7.918103661809578,23.159923274643994,159.93469310177844,382.5189178953881,203.02866193563406,2.0140117400006896,167.65924521381868,80.32151757447119,63.32796094668559,73.42209579675976,63.94069577736916,0.1631694765422039,1.1087126625720787,10.359444179438125,11.555628049846426,0.20066332702226108,92.8970089193395,2700.7167548915077,22.142129842159267,1.0526991888763375,31.54245231595646,449.1025551647974,2.2825682465311994
5094.349916883176,69.39958439770531,119.10551299917691,70.03714103440242,158.02253998195874,165.54672102840505,97.04576537942701,104.93172951723842,99.11330817836698,131.76072071241268,92.12685153600843,144.86568102851595,62.85515958432986,17.090786007575165,27.880691412907534,134.27909760076892,274.77651402822926,205.72579776997017,3.0861689468015943,231.51627787772946,31.801441274106946,95.31945982667236,91.99845183475985,58.425209161571935,0.2086752770053839,0.7690845522093884,18.15832243740469,2.8756539023507406,0.18310810968821112,191.68250024041146,3429.973094069207,22.542345804959453,0.5957272734293954,31.261101732088882,238.51578708260928,1.9309998263662635
2268.4527331728245,63.28333685791807,115.244539779681,72.5825700411495,88.82718248261087,165.28122117102748,133.4325742357482,131.9415296089525,94.11486481950953,233.359207631191,106.95572604052025,105.46459095013198,55.2604970296498,7.39873285582779,6.398800919014885,150.11840702697927,409.41804354577766,208.02468709214176,0.45948069937652924,220.62005554488354,68.88059144266025,58.84379458785078,87.21619139481777,57.023010876620184,0.14119140449042264,0.726305993538074,4.892331435354198,39.24239723904415,0.5000033201428954,379.47870574764477,1789.7000822143305,26.48177878692814,0.7311550401704758,22.85848877341067,625.950803916421,1.7773454351953684
1451.4472038601184,-5.762685741705603,97.4078442052392,123.21165420063542,163.62135194165447,70.02857641205183,103.47875227672758,87.72557420234668,92.77211330424241,54.33873728945838,87.10566332841957,159.2496103185499,39.146795248228365,8.643982741575178,-6.273917195039052,223.48045616277153,408.23933914680913,271.0761051225152,-1.1275678683332013,262.22491912873113,35.13911060545463,132.4599284088868,22.056621170941547,53.340226670025025,0.11766165686897553,1.3310086279397062,26.56046533815287,1.756478819039378,0.04295234051657565,64.5496804475557,3285.305493970138,39.403152279999894,0.8171173390498888,49.27246050018674,477.6516713966694,1.9689344552135262
6987.929621161437,83.06030016658113,100.48124655844421,84.31270097444522,119.4082921798795,116.25106431704017,140.0266271292669,105.55823565014144,75.11883576084266,123.78328915307223,86.58452799945792,99.85565230083739,31.851956548408108,9.965110951817161,22.78481303071834,170.95894901511596,342.49404973831594,222.49133292473775,5.065884879741587,229.31922666849044,81.18772074978835,139.24344815779025,79.80362726470193,50.31643113920272,0.15002509959593957,1.1972790439027956,32.09068656216092,19.68583409370408,0.671604219891803,439.57663253797443,2825.85881515947,38.65958339188565,0.5495957517697219,35.76987837477583,653.3630291972621,2.586879918101954
5314.170594013952,66.41305614209034,101.60724532422749,95.31977436425659,115.08063696120965,94.04735362230466,131.70441751956398,89.48155510354458,97.75699034969627,236.81381867459095,98.06633825953018,111.31353074147891,78.46221251909341,4.632428171813184,2.419860683424119,155.33484698512544,411.5899632029159,196.85763588974652,-0.9280341827502476,76.65445440530212,60.651929785256314,94.65017187570193,63.324642024384175,55.033790550777105,0.1295315334712806,1.071181228178653,13.962195478689303,-0.18996935642370438,0.2074561230373414,479.32614727428927,2774.8532074504997,39.97833097574437,0.3949339700878661,40.26775307331534,598.4605993759884,2.427235627158158
5768.566036094999,86.34508182776784,117.76051104723201,77.33894057175307,117.43924793543123,159.62549540844105,142.58168985227522,98.19668497668725,117.40217112445144,163.37832780785652,79.42110224507671,138.8215740635212,38.71065974098593,13.212150065394425,32.22617821466865,218.07684098404894,554.5454232081499,250.02904415258402,3.592258957757719,259.0718321172561,54.70644406633406,140.64956155980178,103.48525917677931,89.25496310121392,0.16570449191602932,1.2299508346684487,11.181784961735962,-8.409073246908243,0.46722273554483484,361.6419768342422,1704.1122886659273,64.68558929604987,1.1499241807089224,41.344026858554116,403.2458361703577,2.4121484904942854
5564.847470761633,47.52375177468951,105.0595660243035,107.91856431112369,159.72365533972896,58.27798647266491,109.81312646914225,107.228299074286,27.596472761225925,79.28005714628316,75.74546530208508,106.65190835872227,56.82008595121613,13.60356370911505,15.494049676960374,137.14832576063645,247.07824184496246,236.63963247342835,3.755195415569036,-89.61238748122167,45.54193484722011,127.0354039814312,101.20481572803844,32.04561523467717,0.1309466031331102,1.048744283796595,26.14083213582976,27.941961733759854,0.36466894272283656,291.5686333411908,3415.625852422872,23.34001295846859,0.9590931622987029,31.30051436481182,592.0997871224334,2.784532558406985
7148.074315035341,60.53446360900475,73.19661478087382,56.30615362899678,89.89728501716101,157.02014901326723,80.65941798642781,90.70800332802821,83.89314276135805,164.86488057083932,80.76829751706298,92.93285927951344,51.7055040617091,11.761625433493228,24.50750955820218,135.968994988645,190.4391238115498,205.92413740268307,1.8886550592834084,476.26216779293617,32.043405554873544,68.45200718875532,64.80368467151735,9.181850984497416,0.09939395724858731,1.3851844301481795,28.438227229547582,11.94736236326617,0.57322382799828,372.6541514719129,3073.1365550785067,39.43954891898707,0.0732025905281628,19.032515630437953,372.5614887526175,1.6311287561050756
3616.675052861331,47.185198490065204,105.63011010318642,82.45641124194441,92.20429468240786,172.21543066658796,132.41083092221663,114.38349519322433,115.73380333995084,219.01553223666426,82.48804806261039,89.69885706399882,42.149321970328664,11.590846266254236,28.733061554742118,199.6715459760927,295.6311597168814,220.72589021472922,4.703544142697979,-3.8241092853446332,58.22887783339095,70.95248857810695,86.9264352162916,46.1091297557692,0.15567232551672255,1.1288832692292052,14.084027851232179,18.77705791781148,0.9881997304630246,-0.0018698296176751228,3012.6719662814976,28.204014558579225,0.8326354698587728,35.90714420608167,566.2407808794892,2.031662867044271
7826.5506602744845,117.14566131008894,109.4790612038144,127.53493729796058,186.11506562248212,186.56991405888806,166.65193830644316,97.74265715969389,120.55916569014724,163.86660413981724,84.9275593462393,90.99076501670766,39.25582326011074,9.219668289402016,33.319124923526196,166.1443860024334,427.1277841142878,258.93905533125917,3.2408415601974863,272.85817366665225,68.41415725722788,135.47270456880517,42.30109862116642,73.85898061438374,0.18016310421512058,1.1830165803408161,28.35780374919665,13.7433498730674,0.20298060077062136,525.9379891831215,2400.5238192127026,24.394420184377843,0.7633569608198791,23.32389962451061,445.9665553250992,2.3111794198791475
5067.846008809239,40.62930542895206,111.38285296199118,104.15972444061431,195.72801852871967,3.4513607171493845,164.56033303795687,106.53198812572747,65.91654214067042,100.70838988698992,78.86679316448866,114.00348894649571,67.2779076494877,7.234820656934263,1.4462233673134577,142.1044651168638,341.3334782563783,257.35938040388567,3.3130964727411008,-276.2064435141583,41.286881262789464,150.88361074312596,84.9290036845504,46.735396675613856,0.12849998957663375,1.102010093587438,24.803241976413158,15.804481440052271,0.48852582076549395,396.363678683792,2936.371817919474,20.689672371317304,0.9242651595115079,29.70066254778004,685.7000291544817,2.6985348762713346
1144.3830985778363,27.201053089377595,89.27377572656145,89.90363561078121,81.86571862881223,122.56152690524308,109.71768827638614,108.31671177663814,60.075343813669626,62.20954026733152,105.78221927028324,130.4151274505818,46.65520326956718,11.154578596667623,16.664343020386056,175.49810998645128,284.2247489668799,228.0115651156353,-1.0479723606450961,-13.850813569711988,113.34506148640536,96.91683844908822,53.79185147840501,44.73585491428955,0.15457545649124685,1.2148512401315703,11.284849366704718,12.819927432240984,0.22444175266292704,-125.82810152208313,2839.94773538316,27.166762960793307,0.3083640902006792,24.495629024469856,494.6949890934846,1.887428444142917
396.74958590426377,29.450344843538275,86.7528128509443,86.30535773546035,149.80735009179924,118.47635044905414,125.52610549569303,96.45817956849456,91.4510581264555,102.44756229923044,89.83558671160156,126.79591986543647,47.392609882410156,11.346586992513526,11.240821411011616,182.61692049455203,274.40895532369694,170.1171200299072,0.43608252328173513,-121.48364737067868,38.42559614994451,79.8720368127643,60.47168838678104,46.36533453899091,0.164994449016305,1.3066800212371215,13.543956654994485,12.09391036681582,0.4035890420344153,177.70565481662348,3270.4818435202988,39.97426093258588,0.4034021884405552,26.390895864886417,638.6571202146134,2.8645956573925435
4875.616989226352,50.640581540697625,105.41658711331783,102.46046541843715,128.3789258722715,113.47419233883915,107.22715375465059,92.22650802816752,92.21960905177335,214.80519936139052,81.58192507629556,112.23934383704464,64.14092012893208,9.702982668370515,14.008853592246282,195.81306434238869,331.49721579962977,216.34375552512915,1.5407084487256142,-5.427247008292369,34.21301332767394,92.39558712052475,59.35187837987256,50.45609099311065,0.1493760943073208,1.2543220294219415,17.887856582044414,13.820700369225111,0.41525447869382864,99.27789596083507,3056.6856181304483,33.334506379085965,0.5933600227243597,43.72185194042522,451.85682807786225,2.1725083954072035
5025.69695397531,67.93898606988786,111.04941129105575,97.69387477585195,89.63550465846137,165.40180128470905,117.74850396978006,97.8069016217326,81.7574425027013,152.8744166708666,94.8344187057563,121.32192886404036,32.12044450255641,10.870057399511447,25.689586434345337,196.75558423711493,417.63224182103,229.06301211470648,1.8315310672318414,344.6138421966016,75.79396001536642,96.65705249386343,71.80910097356914,71.21208876424441,0.1802560250226762,1.0576253791702634,16.62562687432147,13.5337045773461,0.3443664287531177,387.8606296249717,2492.854354115742,37.45484397772184,0.6522387201358183,53.109577884289294,493.3779668329966,2.290531785151483
7299.221456036384,130.40489948784,94.32667496444454,74.01760801149719,142.06671799914594,188.52448222651435,103.07755078425214,98.8108096087195,99.27945174965615,193.32099514705055,97.65082156021305,92.9583138220844,27.590500657375983,8.16424872363952,19.752033274685267,136.6877408498127,404.2926896749691,138.16056957529221,4.032858003412788,709.2614689359932,41.71482879477256,145.903895845264,51.11713024426425,61.21367358867634,0.1620231717486901,0.9132674895939359,38.40619638984606,3.176144500791602,0.42270695894881244,668.3170762474176,3193.9953979774905,40.392596963317054,0.39540744073643114,22.69186897039755,600.7228024984349,2.54973541045115
2325.1191419139323,0.2922491255964843,98.90461661462919,70.06074950235215,119.74171330904075,160.76350069288156,124.96231727696303,112.4511285949411,100.56503981093915,106.33748719904963,96.8014036460061,125.81615362117013,35.55843442480424,10.648455762515818,17.99592903388773,167.47612628924162,302.04944806152986,246.19644963300098,1.8432254127187195,-29.878643405218327,32.54001756866872,147.94124697828417,63.78248489016367,39.71120317906616,0.1346587036854839,1.096143178084003,22.03445504724497,15.39998785035089,0.6448922649301069,77.94392293212469,3231.3910384257133,28.599285774397778,0.8164787291673741,27.612918985193655,562.4525284060715,2.287065934957714
13504.992129066917,141.5636613151933,113.1671396715418,90.6970443420596,135.00745544633207,146.20945932611338,108.51283038277776,116.5421249322117,53.11679066942161,171.37531995951386,100.98986717680714,114.99273190497864,65.71304488653932,10.165619309676531,14.621268237606841,109.76951646393843,407.5241159685821,247.44418653527953,4.461417020212208,771.9548481579668,86.8696405877031,155.69927097345098,79.45112047031411,55.942558610058455,0.1373940201933851,0.9347667961690256,43.38245281338499,10.788143333719969,0.3487891981121058,750.4692435833314,3335.5892578765565,47.53212635892062,0.6943685173429898,40.70039483522247,544.0342136606739,2.3560687212344553
2753.1058751881337,54.63546132335548,100.22279612727006,126.63433281403113,141.1339097054318,66.51711211968178,124.21522053374568,107.34127476218637,57.412145645473394,134.15505051960534,91.22146167447602,115.23110313416026,55.75934396463013,12.420665939099841,12.399415009390282,185.5494822838183,375.85698648458646,212.92700230604495,2.9699789283598887,99.98184070512042,64.59024041214758,82.37499909280386,68.68052962890832,50.86487763515028,0.12496996181380757,1.0217958434725967,9.33204377287821,3.144557695885469,0.7356549689216647,267.14435620474336,2262.7461183122964,15.199434437238104,1.1506346041975364,30.97499809059243,593.1973791873552,1.9843929747931879
3681.1484713490127,37.6996934671881,135.0191278332983,109.88689058247026,194.4988927744115,36.47485545980105,167.44002820612474,123.30007874164085,119.00583621052024,117.81640472877318,91.37704867224419,142.28312957139065,54.508428973784014,13.236799831116972,-5.468674522706388,126.40364335982753,342.8734852549779,241.5523812805545,3.4309540598763615,-166.8321335845526,78.7534321232747,176.0537945342211,116.4260536661059,74.79439893801006,0.2162681748182647,0.995868264711,15.908917139734061,16.726234855071848,0.32199625647125285,189.0476221983664,2160.6429868566893,35.02420214867163,0.9601829693784453,30.034050218484786,330.4928467986022,1.78170548294681
5167.081140155976,90.09055828619088,106.81293442206417,90.59445495660843,86.3925250598584,154.86129422803975,94.7677089269923,107.32450036086101,100.70708898992984,184.67066614448206,80.89983891094253,64.54271215936186,50.57842827880662,12.148183100021532,24.98954908645947,170.65850868928442,282.8962363651648,227.20843587416203,3.7385447756112073,330.40768384128944,48.24519377206936,117.16104558077645,91.39044157586747,46.64874608112032,0.1669428823326862,1.1046340954382778,28.033768097325762,21.13138719927695,0.47960921061311523,184.6295591855829,3009.5319871595425,13.983051212192567,0.4513373990907437,24.7943728518765,400.22507406103904,1.376420037429106
1724.9746018653973,13.653371582880602,113.85899345618256,69.41301301409302,167.27131827784598,139.9254659884495,123.7723934645319,99.00187595698507,159.57772044864436,226.3950690196155,79.3427482114278,120.0604661734794,56.76405918347705,11.012716027481478,13.744998480044469,218.79181314500136,361.4680068643898,263.5635091590989,-0.10444541033351662,-29.407902426590056,-12.668833283204705,131.28656377376504,61.751985337078146,33.69679760539017,0.0893733930884893,1.293121336366787,23.233856601282266,15.040898834981434,-0.04371038261859839,221.5644469727052,3175.0935192375227,9.001539877635459,0.6833152953042798,22.06895975533532,367.1974775071007,2.2041966610406902
-374.34762072304875,71.52671447468727,107.49860587504203,101.90924338497388,98.02554266037018,105.73749829668927,68.66530080034224,97.8596259499853,56.28734666842475,38.79572774100586,79.7972621733118,96.089799446473,43.74134701679098,17.206428361297736,22.110776629739583,198.07985405726643,308.203516033574,180.77368197334857,2.253263534662979,293.24012995529995,13.173244409038958,94.76679762117593,132.2169155199678,57.49422024135681,0.19093797238489152,0.8729099212234515,19.017530950653292,15.531370924704778,0.19619223321808188,362.75504537099573,3245.706164296341,19.87545467116779,0.23864728287995635,33.794838047192904,544.3092410560198,2.096663797349006
5680.066004038164,68.9279165895262,115.48467182542193,89.27540313441813,159.95599297702702,104.51874630726343,132.57698391325346,104.57179178707459,88.91966613206046,127.40807930353235,88.43122694040974,134.6485167723245,43.890119690568746,12.311487128905528,23.651979223338284,191.45371047959094,342.93468719480495,224.51646388132315,5.174760105027157,34.27188786019869,52.763096959651264,140.34792341401683,60.39171039530486,69.94165413440435,0.20502097093300387,1.1785486558991296,24.321137660000776,7.377759960321487,0.7261559852558213,81.40236011532926,2742.579140777739,25.11436122397671,0.5760745348658494,39.83754003586334,406.7014037198625,2.004659808648173
4492.224085602749,90.87937608430337,101.00553084815546,67.80877879933743,105.59550785830822,145.34916134273624,119.79634135970652,121.50609834246208,110.21291794840761,126.06510420644925,81.53036571971296,101.19553533126711,57.56928390584013,12.6845154201062,17.391548619980544,175.80475429250333,354.5381057194686,242.06755993274433,3.500704386779771,340.59485759741847,64.02107384476726,108.17127627563532,104.45174241453083,60.84928904381065,0.16790708404392776,1.35654331523721,21.047263233158503,0.31358029322852765,0.6706737459543526,112.83080807987905,2978.1226946132815,48.26458839492001,0.6903545602107386,18.24853162019364,490.7364959186364,1.6647102049058695
4473.305442177538,37.17686614204226,105.74337537994577,75.46958643941873,117.44935133060673,218.37674395405833,155.56718129756786,96.8617247965197,138.32671539639807,186.72310581489901,89.05582659586906,101.72680036920191,45.6834036246677,6.018953519364614,28.936227189019178,181.9382548718565,415.150390303427,272.0657797399974,1.8580841017241385,78.44424083052812,26.501652378911082,113.53511548292771,49.14335626682666,63.360145456220295,0.15334914951486658,1.0290960564471345,19.810151825941816,1.0622728671448343,0.5235805457388831,340.57634180224534,3468.474353200826,24.537658752735993,1.2289562591747418,42.518280106118226,648.5215142881964,2.7334945419640704
3099.6896144969423,49.381661944785314,96.4178991104014,94.72499708027604,181.55001956822625,84.38852693904971,134.78345440459623,103.07757204359444,82.18330864217187,113.7397625352103,101.55985366498454,126.79922928497767,56.0415485038479,10.89258080305147,4.942337230668702,169.82959403970418,344.55984329235764,195.73053023638764,2.157171733406598,262.1797985100813,17.43423461605444,100.08613355450235,56.4814867350588,44.771852380211655,0.1284024489766199,1.0911787134336652,24.96522869372553,-8.54630327133702,0.6018915128440411,781.6066624124041,3639.807115290235,8.544050300197917,0.7754546550405996,35.83398610884244,774.877548652838,2.9953741485311864
6819.185789335115,30.900861960263036,81.0832920313517,85.84995137109846,134.38519551933592,104.39028194548744,136.46695583009634,87.53471789501754,77.09624582212535,84.63181417545607,90.89095566689672,127.12341308788872,66.44113024646327,12.931653097489994,9.542931048368455,99.593978899136,162.61827131331393,206.10600850886811,1.9851675272642,14.88565766417679,66.46151363604048,91.04083703919602,70.08853383664614,34.668045562678614,0.18087894339410657,1.3617712662161399,19.422160391610596,8.932407742473979,0.5782407227600631,464.58324500569336,3156.6910237993025,52.04724395329191,0.742270790558157,38.77658602695307,509.7706286872869,2.6545856922105346
3434.3222190282386,27.36463375581183,116.92533517823514,82.12822288276324,177.48114628414743,137.2760528275509,172.86068708985425,108.62108984025066,168.50350880752904,191.25133822752306,98.32368198342989,179.69186981619657,8.23426470723863,10.133468302464511,7.688284643106142,169.71260009481495,427.1911316682691,175.0757462116103,3.7116089862478283,262.43074761617544,113.85629607824985,91.3219377593021,74.39091857483153,63.2596522092019,0.15619026900599292,0.7352538494188307,14.57632654486967,5.124973353791259,0.4145410734564547,148.0232881801472,2359.9750413171178,73.34276819782124,0.5884360726125769,42.962918099239374,424.9115939076461,2.1532668322028328
5651.00147703987,74.33855203338472,106.4635600656072,109.89470489807354,184.81720128362724,219.19962662685577,135.9504320394116,113.53706610329874,116.98559682293036,138.9885862332312,94.76002034402867,118.34820890452102,55.998173500639204,7.462366801338131,15.659815314975695,178.34608180701144,346.68830409828047,258.8218964536616,1.9132365097138164,280.2825084083489,24.110015086374148,97.82971981805665,21.514077813473293,59.29444842044659,0.17377632118044986,1.044367991229405,34.364080047751756,34.40738616318687,0.4233731204691952,198.59227597091905,3741.880985147207,36.72269641012034,0.41050794838685517,31.956446369264125,616.1200315803483,2.1789009532738555
3935.0150206380904,77.65442449829717,109.64480710632583,85.90005456335723,119.46123484208094,216.58553182544114,108.06716426078522,121.95895632275631,96.33178842726123,163.23157395600398,96.12187496020982,111.03718416132983,19.130936471989884,5.828299736524755,14.23660319335819,180.37515863471202,510.7239072529363,245.33653494061852,0.11840535236311966,690.9670914625317,54.0893628725026,98.98475699506227,60.962417632378965,76.44215177669494,0.14860217927745273,1.0312774937486198,24.797646193332866,2.237993665253052,0.1796681941985172,432.2347431241991,3660.973906662193,41.509605868868576,0.909949459669056,38.87343125220236,662.6531954310927,2.5811534888111476
10050.775352566026,79.85716111303182,82.43311562112456,108.05102196193621,149.2820756727172,183.72802940608025,132.48703583230466,85.30432144214342,60.240369454669676,126.37988961153161,84.47723899298548,106.844252816402,44.93901898327174,8.189988658048712,40.17874093475206,39.44375765247372,331.91257153048997,227.45957922632022,0.8657597957634335,236.32706754987666,66.07247485269194,93.02043217662559,66.88065482009601,42.32879252518104,0.1332592457977274,0.8601751291808808,11.237258244146828,1.2442476568658165,0.3447284976996767,473.27512989974446,1698.1682334002512,61.386038111519575,0.5187421446223209,8.423465816917489,252.1592662156762,1.7887872169980323
5326.807842363654,37.51441013854067,113.64906703137721,72.55338993716028,64.57594767728797,201.95939634110982,142.48090843868763,109.53273856267135,93.07976779013126,136.447793938673,97.78993414360664,122.60719129856923,30.871244162866713,9.616049584446014,43.05528558200479,191.44006274300827,421.8665213845454,309.9070660915915,0.6245705419362151,-14.696574189635243,110.14910253386834,140.40994656332322,76.3740064562428,64.55849719959414,0.15445990026569925,1.195972148239803,13.665869059601821,1.8203383226006906,0.22792910885100026,43.59973889561874,2876.2632818947077,29.082944008007754,0.7771942572507651,41.37423826482214,434.5035906071016,2.428827619554239
2616.093644686243,68.23266627524785,108.12734810938574,115.01001201789961,110.01321976292603,63.31400139290042,106.02589045043858,90.14943957013509,78.34860965914746,172.8630582783502,82.20974280524935,104.8498478723029,66.84169613875251,12.548209733259743,18.04329552628711,234.79239091658428,363.6833500891323,198.19123722628774,3.054031480345921,-115.51797857476151,57.052679369560444,116.77071211558328,77.05327769580627,54.13249031441575,0.14515046618789545,1.1094013185026237,16.31941685890878,12.332075994084486,0.4216027817122979,-3.954776279519308,2615.6213562283892,18.874928187690042,0.57018477036618,38.724832327546416,515.4430668199484,2.0169458180291406
-2190.806388693758,1.9933149042084253,100.55182918670792,76.65531329981161,99.14166551448253,152.2159461217558,109.44410272405835,108.86171607505614,154.83958609027928,62.52003759908594,89.7531448937532,119.48727838883497,42.64121601308818,13.328729613059316,7.555452231213749,204.41235832138923,293.61955786913586,228.14977392194427,3.032443048592759,250.1213409228402,10.55896857498579,109.87719535100395,81.41959195839021,59.56211498821357,0.19659424670599973,0.9808497520312884,18.15799574423948,-4.403358789868268,0.8864158101175523,-146.46991646606577,3447.894202184044,27.276545584665158,0.8352176850515513,32.50197738878817,492.69181517063186,1.009131390317494
-586.2568449685095,65.02829163405023,103.25442979801103,61.34891878640666,174.69058960176866,135.05833880102549,124.58604274985878,99.0172413482141,138.36969654632392,118.44800691883971,90.71843538802423,145.97840023397018,53.92065750325584,14.109479470808958,15.911855071133962,198.98640054951875,276.9019186761381,141.88269347756096,4.722995320213473,132.6909451596973,42.27236611349976,43.77432304343634,37.81780905161371,69.30212831780634,0.23488227683278912,0.8256970154659095,13.209176635476332,2.3932012587105405,0.5624335173441887,-130.07875114357714,3187.4920877600275,11.580765558656367,0.7708518642248756,25.40105414550022,453.70488107978804,1.7363596248993114
-4955.018087431197,-55.42790099396568,96.26692502433163,61.38210529737651,48.02209639622461,267.47337523198894,164.3628159255059,82.27473610816332,154.44250558940848,28.67057208633622,103.43384648029527,160.39056672095805,44.295996105750554,24.275951512268417,78.89045346897937,232.2207731134255,43.62138793755963,235.8380867354673,0.2902675571449618,-354.5035706504927,70.94177594874174,-136.24318041686467,108.59036100941051,17.85827477753189,0.2114557676525624,0.6449036649042875,-24.354853624496485,4.9009699600938585,0.6543598689738339,44.1572106742932,3112.8091641990823,-12.046075077881092,-0.5089042419857557,48.77779166585737,328.13971518765845,1.6612680664925774
5839.584380740771,82.91504256511007,112.90122604676044,105.29275944254573,155.30832476895552,161.23642875831118,126.08577361574976,100.66282710184257,89.33488195824165,110.34738833431103,90.02532227853635,140.10847766910072,57.05630982253757,10.040701901138032,18.365575356928307,197.2616989576891,451.5568152127724,223.98708875546913,2.67250850305974,18.956242179967973,50.78880593480852,175.03435167710887,74.11236815903118,69.70224668685947,0.1574983613188286,0.9150366187576604,31.653605563431313,26.63251998861928,0.16415091853429986,98.44232556761285,3336.6800940026296,73.23949175241415,0.4652442679869731,39.44058211887691,658.3083092576104,2.987318075856738
6101.768216008297,105.682245155255,100.17509014540023,74.1868604349709,106.7129122838937,174.08108039644247,122.32895410800204,110.08570653322002,115.0645206960902,128.81498238554127,97.92672917449339,117.90118232383801,42.26164167986174,12.098790520697476,16.30680128322535,178.59367585281538,441.03718341224237,210.4943031121432,4.128368274340682,598.5881881970379,69.61043255910495,160.93928113079306,79.51662024971034,67.41577864764344,0.15714286415162768,1.0978471447752598,31.115838815616897,5.171376038669055,0.5891389036463993,422.0505145397502,2509.3754758445975,59.30845421856871,0.6941949339939298,26.77079107280241,562.7004997639294,2.0007909838880056
6321.862645362771,74.12667844140725,110.86484366484122,130.09001257829667,179.49210565734106,177.68650665735765,130.7009626969583,134.54995882083983,72.88981506838653,64.8896291443021,111.13369438253862,125.05877181705603,65.60086124205435,14.348191704416543,6.395244937581662,125.75059432877053,299.68828916169554,258.5824926194258,0.9126343698493222,109.28739972194835,79.02984553036609,178.97554513710355,79.64514577528806,65.67963260515211,0.20534429722599176,1.2930334059644994,33.114081246469325,13.190596478943911,0.19655145458311218,336.9139207381762,4583.054733327126,44.07499625960947,0.8355095997165554,30.865211916764345,659.8514705479685,3.2211453963841867
8006.7195195704035,54.884885381141295,96.27114430669482,69.34945607000546,134.91453546377468,221.75529292148323,118.83912578578274,111.1345193707593,100.8016183996352,79.0998716233357,88.35011326499057,122.66200120961888,37.411706908835434,11.46923083310355,21.778614380861658,153.5882063920475,292.82376729845555,272.8494440981865,4.707179574029156,433.3421962535374,51.27251517795585,150.7218472845807,50.56109596956685,47.30527321642155,0.16010572291054007,1.164783926309213,43.68063047734813,18.18311588671026,0.5604601816398666,210.38339865857415,4448.046778851185,52.20149364947553,1.2028744796842616,41.49526914978995,636.2321614273064,2.7969721636069735
7298.858672469794,93.41231070175229,112.98646677657366,80.39531564050208,173.3081622383466,134.02745147395206,136.19155675009802,105.58179039602486,98.60798874895154,140.70488976044402,72.02090436782271,98.06015663393605,61.52594785521363,6.557655532452511,18.914264985211922,142.59308005968654,368.58831638002533,253.4023477211269,4.7911811126339074,281.0845958195672,10.638898226389571,94.82411138972144,75.54849586673768,72.66250764173445,0.19809249883799673,1.0226291005850239,29.31495740359673,-3.056538209854658,0.6711728866097542,370.37601861201983,3925.377325181131,29.951689734023887,0.9192968779979392,39.442765670867814,596.9651899688574,2.304121804214083
7920.507341108093,173.20565566950688,111.96413508003944,125.78684771591071,140.20967286986925,118.32644868717985,96.19444716176133,116.81674736922774,20.046706654617438,186.48350503831836,83.99999811180196,71.3282189777272,57.696716968857,6.598672208049229,16.793785684395388,170.9542470183945,518.0188348480609,199.34519826423525,3.228939100848093,442.73960486778293,53.93336559504693,127.53419304843547,73.24896015307411,94.82130672946126,0.1908651378277529,1.1958308580444283,25.27805251891563,6.414730030156273,0.47989787085268365,453.3899708930187,2825.558955326522,34.79554173472023,0.8023735493694201,30.092151949119938,680.0617410254409,2.558063679990376
3777.7172537305887,51.63702222521408,87.92231347423716,102.90981679038494,168.6218206116083,177.63966255625968,148.71826318354601,124.44479404554602,110.10811246693427,64.1786028140967,86.4251573814723,89.53998295032301,21.11142409279838,9.562281262636954,6.435738614144562,162.5363766714546,251.8377101688273,236.68585393006356,4.145905638382935,295.72030670204487,40.54849472514253,124.7525255994801,51.166371268247126,50.435734236630395,0.18542572436304813,1.4769855860363743,38.53120952590972,31.93779348596101,0.9142060104443597,327.1194251089693,3817.9189633972487,44.899534625202776,0.77147010948087,24.802008891319545,784.4208904016516,2.576959041491413
1398.8720446134867,-6.318958984656433,116.54915534464676,105.34303082284133,112.78767891188521,136.07463968500852,118.09145717490715,117.56574135774565,127.27218851181334,302.5989954724074,96.41719329021346,90.89950911098006,6.550062874607953,9.516623823817936,11.126614694121912,164.56416599648912,353.0347163735231,185.4381890864886,0.5922105757862623,-130.29063516918563,27.582175471627174,168.81371195540214,92.71960630034792,45.06242209078745,0.1320029662700033,1.2077263669307845,9.296310230093699,17.92497440389011,0.6712577408842781,178.22649912085316,1873.4594400899957,22.905709973688282,0.5003302654814954,25.118502737559098,305.3189767168072,1.7743658401094575
3526.1645049906638,39.62582855279265,102.92298682726883,97.16107685824922,87.19485041350592,109.72027378484646,112.49048989932501,106.94442881315207,37.092006801375476,102.10310759743786,92.32088045533061,107.72863445208945,37.66886148096539,12.291528435791685,29.114786748504798,149.63440131616593,307.321735177157,228.8636408749403,1.6762587168790606,-8.983988270531654,64.51454387775958,93.77581019209286,93.46319858524653,57.80423859489977,0.1847913039271946,1.1444478373653815,4.776976961548623,5.8608272398368255,0.7088968499629237,234.53907635922633,2176.4559724687883,18.20884460551256,0.6346152391000295,34.82797219376797,424.61776643639337,1.9122365008043012
6375.863206313068,39.43880297432965,108.01167139216882,64.46453557136459,111.00085797894107,152.50759806066446,138.03298361832614,97.71769898933148,102.14643699442021,182.47701262399255,91.44781179319814,143.4902281490415,45.46350285794252,8.882832259789645,30.16906090748522,170.0363531002076,377.5838138912548,249.61565186425565,2.236613454847792,86.8820056898105,73.906290340726,88.72521758493397,63.05178191572755,49.77031069567364,0.13403758637586807,0.980240562832732,13.59395780906398,6.839107984271655,0.49148480724035615,130.04289616333543,2410.6289931937054,41.09184368140743,0.5402568910194283,40.88214022179781,381.48493456452684,1.955962765508448
4455.902993123079,59.443820937103446,94.24566341128467,91.19451043611431,39.24388963636318,170.5283062873513,26.759954663184942,92.33651583593269,44.57031553538146,69.0561032317997,98.02128067862492,146.79240729707962,68.86683964637879,16.354178890192237,10.139459545914256,145.37989577909462,242.42724248429144,192.2175998068377,-0.5618045744833773,568.5489689450351,82.89847439371061,54.21586790960472,76.88657740826919,66.88119143750508,0.24161419601664258,1.0463678911335597,12.254339460872522,4.647028912008203,0.10825060557652971,-165.8452048136663,3533.0467137565465,64.92582838171921,0.5659158501590384,56.63461288234296,232.7391387928613,1.310642699830427
1572.1623517375915,12.849571943530329,83.7850435162756,46.69595419712337,39.20644211644121,64.50080946868424,131.87235218225044,73.61397039114206,84.67168134975807,89.5512452420794,68.93164221696506,89.95729052971826,36.08238659389714,6.3745030625075305,23.141532445112308,148.14012568032726,356.83953771748827,206.30453727248448,1.369258121957987,-305.63806263671216,55.81227487965981,151.73896485613767,116.23119270500577,53.67453172037076,0.14971593049432996,1.2212070054488167,5.136027877913946,-7.573727470686553,0.5391868103333783,90.680614044385,1876.2611885699432,55.59372446210051,0.7790134851641919,26.854434302934802,526.2308191279092,2.27709043024247
6025.712220258712,46.05724447468736,105.2934729396283,102.23684102271018,162.34012083784492,51.28240143180791,137.8393340846149,88.43489653979088,95.84339163615753,204.18311836188005,87.35963514071048,104.8696872591658,43.92447867295185,9.089992108452245,8.142936242923852,133.33764243049012,326.0730282547367,205.93858253854324,2.7891154622230947,174.46810068703988,54.000717696503415,127.80154566619343,64.63319107430571,31.965709331118116,0.10365581761791282,0.9504585943480055,24.47886338196048,12.458677859244023,0.26252306393791647,667.534525590296,2221.143097598509,7.757039638108154,0.8016473416519578,31.663438955434973,437.8267380583271,2.1268978098978297
1328.9917443419363,40.90030384585358,109.29132635266325,81.67223461511537,101.29824469905438,106.51375425775278,116.14303100417348,95.75072199076016,85.10468439576009,129.32382999698692,93.66598126382404,127.26092450083658,62.39469026540413,10.69391256966995,14.439608209256681,188.76608552693853,352.2611814700763,209.07949496353865,0.584451550632382,-141.4858638275732,55.20660158010362,112.63495415727455,73.57317010710445,62.293165629568506,0.17949951680680584,0.9649141019048182,9.768027243908703,20.727278305891417,0.19875843309271451,32.5865905605026,2384.2026203187365,25.850977132509996,0.5723953532902599,34.50274137414705,476.94893302292996,2.0435606235758654
4531.119350391757,83.58419683400828,110.00443269113481,106.96226878696334,139.39473277083505,154.91145160492363,114.7933762137226,107.44123362093265,115.43265161852113,250.7798885291886,86.02412965300724,116.34449315569901,61.415639472005594,7.830062503611433,12.674074273766314,156.7109592836865,434.00410797047886,186.5957599531198,1.8667029650291673,173.50540640687348,58.26538902728151,72.68438517202372,66.93810977599362,75.23917262812286,0.17506678607075438,0.8971391614123632,6.06013073836554,-0.6165984983631336,0.5350347504350378,-109.12418822194306,2434.7515012479025,55.091569225804434,0.8303798680061375,27.605268584393013,367.4871167225362,1.4615186201229062
1725.3369014697582,10.322553937663237,106.61364781783463,109.91911044686726,152.26935166343856,114.71443904439593,134.84100423732548,116.70145716654572,87.7258705033965,89.33466529018236,97.84811863627525,145.04066497278265,28.429485949660044,12.472848725546134,15.816629860888698,148.31539543784191,351.71465604066543,222.0725415935731,0.4940711353955587,67.20876398779824,74.98878486228867,92.30757747607402,108.58213316472407,47.47304983296428,0.13529266757004213,0.9367066550360921,9.679028254235355,-10.04454298802408,0.3981793607188638,262.6650287622431,3400.8889892634543,44.38940311301407,0.46599337639347854,33.940086369073036,539.895111311347,2.4952772390972857
7292.332871217189,37.89362168920633,92.08651754360638,76.73229758346335,63.61433894903513,153.89131359877877,96.1923823144374,87.84408215292609,89.1516984250357,168.731134066059,92.0400297922292,116.9907313361493,70.63624732094306,7.080503836823494,13.376340084901766,165.47397372790073,285.3938361481181,258.0717142928317,0.8345009788961888,354.1766145446063,59.4828856793621,72.69061736131394,44.795687383105886,36.538890935243714,0.13311946896532423,1.126224111468215,25.917634237132376,9.951008934188092,0.48569582954859525,150.72633039524115,3613.509544167318,42.88933161444533,0.4871834240565992,55.796106209488954,495.91337758111206,1.7034237273430877
-325.87626095029736,-48.31870507426903,118.34826572372404,99.49828285611254,123.28570248233974,247.04035322595246,129.3685168944913,145.13579163489678,91.35603835652365,144.43548307651014,96.20872152748409,112.10361366235489,18.34147279307311,5.974325604460204,13.960877874981758,114.73827997030934,242.7729363174172,286.5659614787173,-3.1661950300163038,-480.84517288882427,44.25022187565766,96.03322369361935,75.4131745325541,59.00933874632582,0.21554065859891217,1.1163838384657303,2.440728892407215,52.30294701067878,0.31733083225391473,-426.6872836254979,3620.660037496576,40.183442310351,0.7548760161692804,27.480834046121963,455.9066587994581,2.311663504559293
855.0362764501419,59.6980596861849,102.96317561766773,75.76993805622128,118.75208924731177,107.28843428079668,104.5735267869189,98.36190982544683,114.43150863289235,228.56956634481134,73.25661606483976,90.85091127174098,45.525363006626336,10.628385532796647,12.820080240609364,211.53019413043833,290.848456508686,151.33600564337706,3.7330082858363256,-34.56740910776654,46.42568689987165,72.98518073027489,71.48787845061027,45.1040592681741,0.15506696622125085,1.058779540050509,16.957292858846778,29.492707931821357,0.41649581996133295,-111.65944406170624,2911.7005456522515,22.50808658061952,0.6781021875371327,26.59403755451915,526.4480753034131,2.0742738207837568
7445.303020197362,82.4281567055801,100.50931412631815,111.41879972906983,129.3452177116461,103.11048273580595,112.76353132111144,87.55764192994283,122.61078989622683,95.14438745681785,84.71274244119115,111.72386881077723,38.62148947278259,15.443238111339813,14.372614003888362,181.8321831706975,350.42510018573853,225.51983947720495,6.623935288553181,579.4811035011099,69.91521849414751,206.95477092759927,76.83738831780431,48.042876395824294,0.14029303719216357,1.0494349306641093,44.966911425798685,2.3066538560467915,0.5071149706860779,354.64073966312776,2800.1029924498985,44.660471263566116,0.849350692168848,37.463412536665025,403.36146179691207,1.558529753047616
3471.7916669095853,37.99409819203264,101.50338357299229,61.59517983443574,129.3217524066257,106.18423449722157,141.30175576362214,116.95517442952085,111.86805534395604,143.32619697025368,93.54388417841173,123.3394903372826,53.628403947559185,6.7512653685636215,4.823453400008068,169.5914371643553,332.45252134376994,232.60235210801847,3.24650486788778,161.58915485355612,55.29622854830885,96.79655205457604,62.94297341138683,43.13181402614674,0.12953677734914554,0.9995301256818282,24.15684555220297,12.175498976047452,0.8051249698201356,122.88874315802306,3166.5767258673964,31.79228338619648,0.5609179011319954,29.361308570681473,654.5517155485791,1.7878613203865257
8113.029701304413,144.81189457645775,105.18242021802591,80.5726412779091,193.53616325056117,245.06479684369418,129.12815907022852,151.80956912237005,101.53958017464174,91.4857050034501,93.72196753085743,135.95177685812257,51.23565600953038,10.226989554461397,18.07977204376843,212.26475105476408,454.437141286331,316.92518713805265,1.9710413844225851,782.8262845137367,74.24642262027373,95.69625593585667,32.013644011764654,79.07647608797203,0.17119791732692352,1.7695936661114198,40.98815756074758,11.46844589742116,0.388001809926502,149.00166159147565,4148.567976355082,58.98497604145385,0.4018759427549357,15.4978226188748,595.8873653981464,2.2472983228086236
4711.972701619866,50.543718865815336,105.14502860272914,75.2675903855718,139.30025505018565,107.00133285552414,146.77863752898384,106.77857174230189,88.72459971061004,177.10628406442174,86.43692136838969,119.58038291853502,46.81604152798453,6.5518560013482094,16.406268954083366,158.85627677604478,394.97703401549694,238.1985154178752,1.4496859629778942,69.23218182057441,45.98597490638339,80.1033182734642,66.81449890427477,61.36849955196802,0.15337815414748465,1.2450625218688836,9.745326917080618,2.3759183742361536,0.6482201541124759,352.97773751342277,2216.6444688165416,30.946452825015005,0.6719788741521731,31.38068992882724,492.8243435444606,2.0862496978172
-770.2619606172839,-13.89937065105562,92.15401195791324,112.96334964228726,95.01037015730846,162.0640964462475,101.95364007912315,95.50396150657866,134.97795808669173,122.60122886944784,100.37771273968009,116.96494150680893,33.804729180144676,15.95528454954307,16.489459730535877,218.40439238615187,230.61685976463028,190.8434618783917,1.1966018908025697,-6.280053903162013,42.1064970367712,130.03003316540176,74.91610797219172,31.81079311693554,0.14715546564004892,1.174751596229357,20.994423011859105,1.3306532341365802,0.5768190450071123,-18.317684449144338,3967.4646216995225,29.93314474706048,0.3581176483065292,41.18107380330089,529.422610852341,2.180520436295422
6069.977704027797,89.90945938912593,100.81320219896334,86.28021886735266,151.42576070100384,201.19523581414396,158.00335348431594,115.26690954243331,107.55586862479248,97.35908329922968,92.48343257557502,109.30661862308592,76.88224815331532,7.272620828100522,27.137687917376645,140.53330229929267,398.8040135531437,278.0008605236484,3.0157209130238614,101.41038862093338,41.40090760223987,114.77328904765314,55.260793912663985,71.41180054124192,0.17916068177334968,0.9484302230845557,20.84373958383592,0.9272174806043836,0.7599527939335351,128.22336443634038,3204.6647730620507,39.884764014330905,0.9216365895774719,16.89291440125129,635.0788438244631,1.9828461066688319
833.1959071731794,19.573689759570584,114.32080634689007,115.24003014402815,148.85401906392102,133.2473452067435,78.54493168405125,113.47531494710337,74.36233417844021,172.4420173718651,101.36626506398865,128.20573286729217,48.63025158526878,13.019440501938611,5.46347732556824,149.39055969780918,351.19991422326717,186.81485908230889,-0.5015560939482437,191.581359798708,-11.037154068977244,93.40670000538512,82.25637509800254,66.80827552727924,0.18953955389488,0.9632140446904497,5.5131826297509825,-11.212569983836776,0.5178351078401887,318.1017202624048,3365.096031897052,14.832074140313143,0.9292891578789697,40.613261289850406,411.43263259067965,2.0863591210403194
2724.7485215697734,49.38950991013355,93.2726958229886,71.08749039562933,94.18435512932156,173.28572196168312,89.77783088766049,108.31367101302462,74.96619661028303,107.32622298969655,98.61071871346626,135.7559783407517,44.7143428540819,11.934375315511426,7.759319839479167,210.39899048968158,367.8661702300348,204.85127023120606,0.553070350258345,135.0582276801604,69.03712723182423,154.21795290306315,48.81183513566776,68.33644370226122,0.18123118967054783,1.4997362197062942,24.373792119163337,11.327702951443143,0.24866135726162775,-46.58663174862971,3859.5441366682535,57.357739091063394,1.0984041697909286,41.44668883763026,660.8316468364338,3.217192232696287
2902.43838922057,40.65515225774832,111.73971843195793,83.87047159861451,97.32218551115331,96.10008215661378,108.64881013083412,117.87687151894039,71.26366267668544,210.64637762233338,104.85219458297348,137.11368990499057,84.91736421219764,15.006839707858836,2.8189265996806334,209.31082787283114,330.44706108796487,197.60310825264906,1.6291032813515698,-140.2724117692605,45.64067513841139,103.60491186197319,87.41080263249567,52.4874723431723,0.15313541834379032,1.2780485306790823,7.290534483571596,21.168797831435274,0.7554513128024396,175.20585908727003,2527.6584039058816,31.147904189783144,0.8875868078350904,43.11775029365039,587.1611462509638,2.432728075424628
4758.7949561679925,34.10071702971079,107.36781418979713,81.21961258274253,182.62366223676958,82.77857258763152,112.60028629506223,101.97157468641312,75.751559637963,186.09424445730855,84.1561826599759,129.55879084921222,38.984719496569696,6.934099409014163,0.7851078299450904,126.23918897735854,321.9388018638567,195.75311505627383,0.7764281517783358,114.27331190775745,-2.433242708164883,103.17822296848965,53.427200540298635,53.22567009332073,0.1669746013418302,1.205420709349405,17.45868090322246,25.412976607675414,0.4425834299015142,395.77428595709557,2090.5850256101194,33.675328548933955,0.40970232230627934,29.4813068395623,338.6756274521787,1.9055694976564288
3239.7927778720746,25.315919557296,90.77489070284646,119.6876903960917,55.38131661074931,137.3249213489142,75.02222069106645,96.09831316061397,24.63562127435874,99.67679128858225,95.17006798059548,107.39783374116502,51.495513094683055,11.598535994553043,20.044308005791372,190.38268144052847,325.01861538175604,230.53460374795546,0.4060492499568893,21.929809630385193,44.45752576446725,124.56571576233867,65.24404186995848,41.73939801508443,0.12775991763794853,1.0827795482893923,15.101940582127654,29.829786624203816,0.5992514294797346,32.21042196523675,2479.7997319794094,38.79598665277368,0.6799579464342632,41.86240823892509,569.1145495646908,1.9952836220956969
443.029332616823,41.396707225156234,122.81545349928962,112.52837141966123,181.17612863308946,129.22267206686968,109.70967571973578,129.57880942790277,91.17277652975338,141.86769447364125,107.38325765051968,144.25918638373665,35.39307395339297,13.521225004843343,3.0761890335788813,200.13707251008393,337.4028425706647,192.45008206943712,1.8791709431654813,129.4652194512102,62.09353532303484,112.33007023912205,55.83525955979726,61.76665595435317,0.1830841838154986,0.9031780328486303,22.264730364313767,23.907017191938728,0.22782734693107115,40.03210249072842,3731.046918552978,9.585257280735483,0.683845479684957,35.92756586185584,562.1566037811833,2.4208866214109905
713.3293623837121,23.301027681675194,99.07669216643488,116.85594125885112,117.51439068803856,81.79488113847805,123.18265092805244,81.57652011234009,102.66388086732066,69.6307150146322,93.15829486404097,130.66431910228638,78.15297145838653,13.065633401883124,6.9481314306970745,193.46678514396223,280.73534308794245,200.70289403013072,1.3904447392268924,-122.90170528731142,40.78058847114277,99.24843873518563,78.8584592417649,49.04241680389936,0.17345532936672425,0.860508283285203,15.142513126638239,13.989165377169956,0.4016011686751254,124.30100413669427,3001.4487715078862,35.86701047477155,0.39638648417838096,44.539056902535606,584.762338854509,1.9409518478307766
-1555.6562992447416,58.23519473261137,116.98162874379292,87.0770542625027,176.80792220741216,180.2331514807434,157.97342631214548,136.48262711203876,110.33510603225233,60.39091789898197,86.59219845641387,123.5122198217078,49.28256911022871,9.91558685872785,21.443989093376885,198.81293844347152,357.9204327065281,249.4740950733514,2.409248497979955,-73.12053962575345,49.756508031412764,28.784061049892898,76.67745059565107,77.52868614524778,0.21670893364227503,0.8418483281715932,9.059978952579923,23.4661894143641,0.5152828728927259,-156.40499098725067,3688.401206694483,19.912023631413554,0.7238009208133092,19.45850225068176,726.4682569432848,2.227912464327649
7506.5793213588195,56.662888435973784,104.31547313495301,68.01861875526687,131.4440653899457,133.9854180664284,132.21844142132448,96.00247663518118,99.43167029081869,129.33480142064045,86.92361035817564,118.15868870359515,55.69392951312631,6.390238050103221,17.66013471447056,108.59999473581993,359.1372403018021,256.1391191451713,1.7335979336517864,109.50054588973046,77.12679374216236,165.362689057345,73.59444065046242,46.12503246054408,0.12896274238963154,0.8519517647914172,30.551597165219803,6.659182353943941,-0.02484982300163141,201.36720524188868,3441.9997002603204,45.50266337424169,0.7658411220769743,27.33612261005736,478.9098378410872,2.3996661257677925
6086.566711745822,44.75352596679773,105.81357635899391,168.08142803365934,191.48853928431583,119.89597673866443,82.61109202239757,90.92077345579978,50.772113847534094,200.2545652458218,109.87455122401218,110.06472371649951,128.0487828515636,22.39403995202759,28.542753387403522,45.543460535838776,260.2164853377717,201.89225284507188,-1.3441921607255232,-552.2201827384092,-21.408957913855303,221.8316141245948,92.82304715811046,40.93104398080057,0.14574828129896858,0.8822000297797415,-4.246086106690772,-30.733154826621696,0.1967942478963819,336.200176765156,2217.3624746804926,-8.290239322860643,1.5441342586257405,-4.863468938003372,13.411406858497742,2.0083178317039403
4810.243545365569,114.01147633493922,104.71956782427728,90.98909054321253,123.45071708125629,160.1889412097749,106.64946431948401,121.75455606397666,111.99244882365535,163.97848306485034,79.51125010529022,78.76322992824413,28.307599679037555,11.299370733659371,16.914864428112406,194.99332729437089,366.3065216256135,226.9001892381824,5.094938370702195,636.0661406651332,66.2854190764811,113.13403515646118,64.14206431495512,62.906795502236186,0.17233962214802107,1.2664908527305834,32.34737222801212,22.51553779065214,0.6156442483768818,127.13489898910228,2578.76678028625,25.844863964977332,0.7286803527555976,17.154447057752336,434.10008909060656,1.1728760718229378
